Model,Flag Rate,k_encounters,Cutoff,Recall (%),Precision (%),Lift,True Positives,False Positives
Logistic Regression,Top 20%,3974,0.1458,34.69,19.75,1.73,785,3189
Logistic Regression,Top 30%,5961,0.1235,47.24,17.93,1.57,1069,4892
Logistic Regression,Top 40%,7948,0.1059,58.59,16.68,1.46,1326,6622
Random Forest,Top 20%,3974,0.1631,33.85,19.28,1.69,766,3208
Random Forest,Top 30%,5961,0.1389,46.88,17.8,1.56,1061,4900
Random Forest,Top 40%,7948,0.1147,58.95,16.78,1.47,1334,6614
XGBoost,Top 20%,3974,0.1604,35.04,19.95,1.75,793,3181
XGBoost,Top 30%,5961,0.137,48.7,18.49,1.62,1102,4859
XGBoost,Top 40%,7948,0.114,59.66,16.99,1.49,1350,6598
LightGBM,Top 20%,3974,0.1582,35.31,20.11,1.77,799,3175
LightGBM,Top 30%,5961,0.1379,47.5,18.03,1.58,1075,4886
LightGBM,Top 40%,7948,0.1148,58.77,16.73,1.47,1330,6618
CatBoost,Top 20%,3974,0.1592,34.78,19.8,1.74,787,3187
CatBoost,Top 30%,5961,0.1363,47.86,18.17,1.6,1083,4878
CatBoost,Top 40%,7948,0.1141,59.74,17.01,1.49,1352,6596
Calibrated Ensemble,Top 20%,3974,0.1589,35.22,20.06,1.76,797,3177
Calibrated Ensemble,Top 30%,5961,0.1372,48.12,18.27,1.6,1089,4872
Calibrated Ensemble,Top 40%,7948,0.1146,59.57,16.96,1.49,1348,6600
