model,metric,mean,lower,upper
logistic_regression,roc_auc,0.6631206526153715,0.6498148993490431,0.6775688039859766
logistic_regression,pr_auc,0.2135911484804383,0.1919167836535775,0.2367324020051615
logistic_regression,brier,0.09686745463863576,0.09296430444790502,0.10065179158825885
logistic_regression,recall,0.5977070274818861,0.574181802809716,0.6229801870020042
logistic_regression,precision,0.17465450394466955,0.16439003753617534,0.18541971321853454
random_forest,roc_auc,0.6679019812518211,0.6541691220326417,0.6813804981341212
random_forest,pr_auc,0.22214361473265679,0.19902253133959458,0.2475965984049019
random_forest,brier,0.09649043468059236,0.09267500741278471,0.10022829121134831
random_forest,recall,0.6047513354690461,0.5820210197258652,0.6298389263312814
random_forest,precision,0.17743710120319645,0.1671465780427661,0.1881598923916882
lightgbm,roc_auc,0.6701493826408255,0.6562988959660152,0.6840390986426533
lightgbm,pr_auc,0.22230879911164925,0.1990733275605585,0.24703854461822963
lightgbm,brier,0.0964878956205079,0.09265722510866467,0.10022708634170371
lightgbm,recall,0.6119421710559829,0.5889793559216465,0.6359161697891403
lightgbm,precision,0.17734814867640922,0.166493566805917,0.18844418255130843
xgboost,roc_auc,0.626629403962415,0.6113326378786864,0.6418575623108439
xgboost,pr_auc,0.18292352102582357,0.16272409207318256,0.20597440588813923
xgboost,brier,0.09779186158443312,0.09403290123841598,0.1015912210552766
xgboost,recall,0.7565676180909272,0.737004919060405,0.7752238437151858
xgboost,precision,0.1388569308975127,0.13120739715341082,0.14662180540909855
catboost,roc_auc,0.6557181496486387,0.6417869469060571,0.6703081367581577
catboost,pr_auc,0.1998809151938517,0.17916763774417255,0.22250654976432363
catboost,brier,0.09710280061768449,0.09322924803390141,0.10083125594880553
catboost,recall,0.6602290626980893,0.6376000239019729,0.6837230806348407
catboost,precision,0.16257059729836304,0.15304261707658728,0.17258653820647055
