attribute,variant,recall,precision,fpr,accuracy,tpr_difference,fpr_difference,equalized_odds_difference
age_band,base,0.6053910737958462,0.177507126198497,0.36057938085771085,0.6355445943225287,0.20405825173916636,0.255065668870013,0.255065668870013
age_band,group_threshold,0.623950508174989,0.17361367269150374,0.38176654359556944,0.6188846386148581,0.20828658154889157,0.2409175653179359,0.2409175653179359
age_band,reweighing,0.6394167034909413,0.16896310135450723,0.4042601533655212,0.6007147171330783,0.15739308112960193,0.22001540990663598,0.22001540990663598
gender,base,0.6053910737958462,0.177507126198497,0.36057938085771085,0.6355445943225287,0.05164696151413417,0.04074615355117445,0.05164696151413417
gender,group_threshold,0.6217410517012815,0.17378952569169961,0.37994887815961376,0.6202436078115563,0.010095849754293673,0.02174278522271117,0.02174278522271117
gender,reweighing,0.6266018559434379,0.17381711203726405,0.38284578244816814,0.6182303201127441,0.03984819734345346,0.024097689735296468,0.03984819734345346
race,base,0.6053910737958462,0.177507126198497,0.36057938085771085,0.6355445943225287,0.0340529350076344,0.0014826571268340971,0.0340529350076344
race,group_threshold,0.6208572691117985,0.1736282748393475,0.3798352740698665,0.6202436078115563,0.02221292457494961,0.000155963067359155,0.02221292457494961
race,reweighing,0.624834290764472,0.17495669388765156,0.3787560352172678,0.6216529092007248,0.019269223036672,0.005995597846206846,0.019269223036672
