group,reference,metric,gap_pp,lower_pp,upper_pp,crosses_zero,attribute
40-59,60-79,tpr,-6.815214569192529,-12.942649952469996,-0.43848521099243065,False,age_band
40-59,60-79,fpr,-10.830087934009175,-12.637715635405726,-9.019019453422409,False,age_band
80+,60-79,tpr,8.905464297686894,3.519259413222257,14.653384957785747,False,age_band
80+,60-79,fpr,13.482810672878642,11.39063063732349,15.53127755266011,False,age_band
<40,60-79,tpr,13.590610604724107,0.14719041998229832,24.395083894590247,False,age_band
<40,60-79,fpr,-12.023756214122654,-15.98288005299767,-8.094509539897869,False,age_band
Male,Female,tpr,-5.164696151413417,-10.142273208057953,-0.2405878523032477,False,gender
Male,Female,fpr,-3.9831377810746527,-5.6956690857205485,-2.367500674427451,False,gender
AfricanAmerican,Caucasian,tpr,-3.40529350076344,-9.945450583495193,2.7680278677843377,True,race
AfricanAmerican,Caucasian,fpr,0.11053951125463146,-2.050331445387048,2.0928123690593567,True,race
