group,n,positives,selection_rate,tpr,tpr_lo,tpr_hi,fpr,fpr_lo,fpr_hi,precision,mean_pred,observed,underpowered,attribute,roc_auc
60-79,9494,1140,0.3985675163261007,0.5903508771929824,0.5615465140761434,0.618548352206041,0.3723964567871678,0.36209029671722515,0.38281992029382705,0.17785412262156447,0.11535375095046432,0.12007583737097113,False,age_band,0.6488780456047948
40-59,5244,473,0.2873760488176964,0.5221987315010571,0.47718521715258116,0.5668545646114261,0.26409557744707607,0.2517793901411728,0.276791358676966,0.1639017916390179,0.10108908179025099,0.09019832189168574,False,age_band,0.6729899591568687
80+,3793,471,0.5286053255997891,0.6794055201698513,0.6359507527986268,0.7199574068908359,0.5072245635159542,0.49022478559644644,0.5242076515947897,0.1596009975062344,0.125703219171885,0.1241761138940153,False,age_band,0.6123827382527345
<40,1337,179,0.3156320119670905,0.7262569832402235,0.6566984469671839,0.7863079585772874,0.25215889464594127,0.2279945936400725,0.2779621564022741,0.3080568720379147,0.11725864596746292,0.1338818249813014,False,age_band,0.8142241005007671
Female,10721,1209,0.40714485589030874,0.62944582299421,0.6018521176461402,0.6562195052269537,0.3788898233809924,0.3691915420980549,0.3886858904140626,0.17434135166093928,0.11652945961711005,0.1127693312191027,False,gender,0.67460161766844
Male,9147,1054,0.3665682737509566,0.5777988614800759,0.5477508194402996,0.6072818432948395,0.3390584455702459,0.32882313621414355,0.3494464744943085,0.18162839248434237,0.11036781894109605,0.11522903684268065,False,gender,0.6614570278951214
Caucasian,14872,1724,0.3949031737493276,0.6148491879350348,0.5916465844842387,0.6375410910526855,0.36606327958624885,0.35786920079155776,0.3743356031349128,0.1804869742891197,0.11437159660856389,0.11592253899946207,False,race,0.6674427824016003
AfricanAmerican,3747,427,0.3915132105684548,0.5807962529274004,0.5334771497409898,0.6266745162077021,0.36716867469879516,0.35093397810495064,0.38371041650157933,0.169052488070893,0.11571991516292096,0.11395783293301308,False,race,0.6655349736181259
Unknown,433,37,0.2979214780600462,0.40540540540540543,0.26346295839940137,0.565143168686707,0.2878787878787879,0.24548936512249359,0.33434424898869447,0.11627906976744186,0.0942932443810413,0.08545034642032333,True,race,0.6184138684138685
Hispanic,424,39,0.330188679245283,0.6666666666666666,0.5097710432024052,0.7936723389308484,0.2961038961038961,0.2526955453999243,0.3435410712583756,0.18571428571428572,0.10547262452850052,0.09198113207547169,True,race,0.7244089244089245
Other,263,22,0.2965779467680608,0.6818181818181818,0.47318222782839336,0.8363961264530752,0.26141078838174275,0.20998734704042768,0.3203212279729687,0.19230769230769232,0.10167604519606566,0.08365019011406843,True,race,0.7495284798189363
Asian,129,14,0.24031007751937986,0.42857142857142855,0.21380509930400526,0.6740973309713064,0.21739130434782608,0.15180693897797626,0.3012465372458376,0.1935483870967742,0.0931759847098838,0.10852713178294573,True,race,0.6173913043478261
