term,source_feature,odds_ratio,lower,upper,p_value,unit
age_mid,age_mid,1.794911799443335,,,,per +1 SD (SD = 15.88)
time_in_hospital,time_in_hospital,0.9964783827894473,0.9682938486686362,1.0254832959353852,0.8095634629415666,per +1 SD (SD = 2.93)
num_lab_procedures,num_lab_procedures,1.0255998284366032,0.9954153303208124,1.0566996268283186,0.09722239524688946,per +1 SD (SD = 19.45)
num_procedures,num_procedures,0.9645082833638277,0.93624852587655,0.9936210343364538,0.017230991600505178,per +1 SD (SD = 1.71)
num_medications,num_medications,1.0546250317314843,1.020765021059816,1.0896082199210255,0.0014014188889286314,per +1 SD (SD = 7.75)
number_diagnoses,number_diagnoses,1.0783149530992322,1.0450069778476698,1.1126845683578725,2.477407600799414e-06,per +1 SD (SD = 1.93)
number_outpatient,number_outpatient,1.001936739867049,0.9664187793021971,1.0387600615752317,0.9163204913717425,per +1 SD (SD = 0.91)
number_emergency,number_emergency,1.0860696981554614,1.0567141139606793,1.1162407823156855,3.5100041102425736e-09,per +1 SD (SD = 0.53)
number_inpatient,number_inpatient,1.3987139264975939,1.3521520589465306,1.4468791695680732,4.678181390089676e-84,per +1 SD (SD = 1.13)
prior_visits_total,prior_visits_total,0.9828858291121356,0.935109756880622,1.0331028480465099,0.4971432415351623,per +1 SD (SD = 2.23)
n_meds_changed,n_meds_changed,1.0244835913928985,0.9984055873552375,1.0512427437566518,0.06596372607170069,per +1 SD (SD = 0.25)
n_meds_active,n_meds_active,0.9593341070146271,0.9207409255901395,0.9995449352831589,0.04751387092940092,per +1 SD (SD = 0.80)
age_[10-20),age,3.8236214866035776,,,,versus [0-10)
age_[20-30),age,4.044567281585866,,,,versus [0-10)
age_[30-40),age,2.830189468244947,,,,versus [0-10)
age_[40-50),age,1.81333601773975,,,,versus [0-10)
age_[50-60),age,1.1501879083725737,0.0,,0.999999460556307,versus [0-10)
age_[60-70),age,0.8907202702958563,,,,versus [0-10)
age_[70-80),age,0.6472163439667159,,,,versus [0-10)
age_[80-90),age,0.43596465630120146,,,,versus [0-10)
age_[90-100),age,0.2844391947715418,,,,versus [0-10)
gender_Male,gender,1.0265161119737711,0.9763258167823173,1.0792865558083358,0.30620424978104877,versus Female
race_Asian,race,1.02937749653371,0.7489658700724208,1.4147747884260051,0.8583712968879782,versus AfricanAmerican
race_Caucasian,race,1.011914462364947,0.9472908768531121,1.0809466280779116,0.7250164475845557,versus AfricanAmerican
race_Hispanic,race,1.0065133015254262,0.8349067741136483,1.2133917912249605,0.945728656220014,versus AfricanAmerican
race_Other,race,0.9452523705086237,0.7664505300240632,1.165766098333992,0.5986898300747645,versus AfricanAmerican
race_Unknown,race,0.8189590728772203,0.6737951948657777,0.995397367269027,0.0448235421548642,versus AfricanAmerican
admission_type_Emergency,admission_type,1.0045354292146982,0.8985981033852293,1.1229618944732627,0.936568293678944,versus Elective
admission_type_Other,admission_type,0.516344721799684,0.06783790851005222,3.9301310666275415,0.5232878668310476,versus Elective
admission_type_Unknown,admission_type,0.9313464012368147,0.8178354951064272,1.0606119742747138,0.2834693710610451,versus Elective
admission_type_Urgent,admission_type,1.0435098449662163,0.9541984874933936,1.141180593779715,0.3508436097324349,versus Elective
admission_source_Emergency Room,admission_source,1.263379426438829,0.9809941071758226,1.6270511346331993,0.07009475369368881,versus Clinic Referral
admission_source_HMO Referral,admission_source,1.54450507601039,0.8536241972854194,2.7945505029120463,0.15076180422159044,versus Clinic Referral
admission_source_Other,admission_source,1.0722797664162564,0.3431812716811736,3.350369010037026,0.9044372591671931,versus Clinic Referral
admission_source_Physician Referral,admission_source,1.3007366177989244,1.0135222182483268,1.669342534796255,0.038877864979573636,versus Clinic Referral
admission_source_Transfer from a Skilled Nursing Facility (SNF),admission_source,1.0301414668895907,0.728553164475934,1.456573786991617,0.8665612349177378,versus Clinic Referral
admission_source_Transfer from a hospital,admission_source,1.1233067951256661,0.8472552172614687,1.4893011341423106,0.41905374743663004,versus Clinic Referral
admission_source_Transfer from another health care facility,admission_source,1.2917256442708154,0.9516390986270216,1.7533486617712144,0.10059059056336164,versus Clinic Referral
admission_source_Unknown,admission_source,1.0107064071222043,0.7610598603600857,1.342243225013276,0.9413487321985154,versus Clinic Referral
discharge_group_home,discharge_group,0.5636555851764845,0.5268575374778381,0.603023770375515,3.361109236894037e-62,versus facility
discharge_group_home_with_services,discharge_group,0.6885116780784963,0.6342483688795041,0.747417500951473,5.065820133134618e-19,versus facility
discharge_group_left_ama,discharge_group,0.7917809081553123,0.5937245419465168,1.055905495272123,0.11192740181462073,versus facility
discharge_group_other,discharge_group,0.7065083060029828,0.6184907653160018,0.8070516399645427,3.091913299001465e-07,versus facility
diag_1_category_diabetes,diag_1_category,0.9658335950509944,0.8682770140701256,1.0743512936688069,0.522246112855093,versus circulatory
diag_1_category_digestive,diag_1_category,0.8259036860900051,0.7476629175715881,0.9123321254350502,0.00016534022809603703,versus circulatory
diag_1_category_genitourinary,diag_1_category,0.7939939882822384,0.701968131012881,0.8980841516532709,0.00024236752130849006,versus circulatory
diag_1_category_injury,diag_1_category,0.892373014275475,0.8029391985234149,0.9917682410717116,0.03456891266826647,versus circulatory
diag_1_category_musculoskeletal,diag_1_category,0.7599239878664633,0.659275930613424,0.8759374345693883,0.0001523062361144457,versus circulatory
diag_1_category_neoplasms,diag_1_category,0.8902698075893922,0.7625681357201238,1.0393567383415359,0.1412054000603481,versus circulatory
diag_1_category_other,diag_1_category,0.8564824760739029,0.7954159181739372,0.9222373038570149,4.043422517570965e-05,versus circulatory
diag_1_category_respiratory,diag_1_category,0.8032699194074615,0.7319227837520774,0.881571905873928,3.912539078755879e-06,versus circulatory
diag_2_category_diabetes,diag_2_category,1.1122353619562244,1.0166059279276713,1.2168604042154547,0.020394080363257672,versus circulatory
diag_2_category_digestive,diag_2_category,1.1595135165832509,1.0136056662779473,1.3264247032835554,0.031012540140062814,versus circulatory
diag_2_category_genitourinary,diag_2_category,0.9579828250962815,0.8687643630922752,1.0563636495319462,0.38944807866715847,versus circulatory
diag_2_category_injury,diag_2_category,1.054004550106247,0.8957930517364254,1.2401587503846216,0.5261918054405338,versus circulatory
diag_2_category_musculoskeletal,diag_2_category,1.0378962814153445,0.8568957832725117,1.2571291772049924,0.7036304970231995,versus circulatory
diag_2_category_neoplasms,diag_2_category,1.4306483358050603,1.2232524025285136,1.6732071455662472,7.401047232152332e-06,versus circulatory
diag_2_category_other,diag_2_category,1.0019274871856008,0.9356215380022992,1.0729324291972269,0.9560415730172166,versus circulatory
diag_2_category_respiratory,diag_2_category,0.9207234528408921,0.84012784826866,1.0090507990638142,0.07719688812583986,versus circulatory
diag_3_category_diabetes,diag_3_category,1.085900353100616,1.0041534581542884,1.174302161973794,0.03904021673876976,versus circulatory
diag_3_category_digestive,diag_3_category,1.0949884076622503,0.9494262005175819,1.262867627058399,0.21244662119968638,versus circulatory
diag_3_category_genitourinary,diag_3_category,1.0993217264564767,0.9930257218857587,1.216995926313256,0.06798983228226407,versus circulatory
diag_3_category_injury,diag_3_category,1.0785304932661282,0.9003486772238103,1.291975047369032,0.41189207841060804,versus circulatory
diag_3_category_musculoskeletal,diag_3_category,1.1057115530846435,0.918852025911957,1.3305711955213142,0.2873579018636816,versus circulatory
diag_3_category_neoplasms,diag_3_category,1.4207261300864773,1.1961619884033425,1.6874493223152631,6.322314114171363e-05,versus circulatory
diag_3_category_other,diag_3_category,1.0212609646528459,0.9575793551127662,1.0891775729655733,0.5218933274831603,versus circulatory
diag_3_category_respiratory,diag_3_category,1.069290171207405,0.9651032035013355,1.1847245621946372,0.2002423440654455,versus circulatory
A1Cresult_>8,A1Cresult,0.9296032912301996,0.794493540289899,1.0876894968217101,0.362305995817643,versus >7
A1Cresult_Norm,A1Cresult,0.9292322375964348,0.7841048708547369,1.1012207467187687,0.3969275773071882,versus >7
A1Cresult_Not tested,A1Cresult,1.0517442545267635,0.9246277407419149,1.1963365668030652,0.44271340355017197,versus >7
max_glu_serum_>300,max_glu_serum,1.0750166443364437,0.8271155885153413,1.3972179966705498,0.5886266234525259,versus >200
max_glu_serum_Norm,max_glu_serum,1.0203928128484425,0.7959786770829732,1.3080771162469487,0.8734272357050893,versus >200
max_glu_serum_Not tested,max_glu_serum,0.8904245800066382,0.712489032593457,1.112797385517649,0.30756951102599095,versus >200
insulin_No,insulin,0.833661602382827,0.7342007265612984,0.9465962674030098,0.005005884973045084,versus Down
insulin_Steady,insulin,0.8587135314634851,0.7798993900551576,0.9454923782750217,0.0019282191680627186,versus Down
insulin_Up,insulin,0.9185334237532478,0.8368940880016887,1.008136707676397,0.07356234360031999,versus Down
change_No,change,1.0480689219149837,0.9558834812812262,1.1491447300791533,0.3175711376782243,versus Ch
diabetesMed_Yes,diabetesMed,1.1835298337872404,1.0811525824927313,1.2956014628711023,0.00026192833999048767,versus No
medical_specialty_Emergency/Trauma,medical_specialty,1.0967381808227221,0.9273747603069075,1.2970318891105739,0.28060177653091933,versus Cardiology
medical_specialty_Family/GeneralPractice,medical_specialty,1.3075736690762938,1.1208604468019596,1.5253896280664545,0.0006464101506386014,versus Cardiology
medical_specialty_InternalMedicine,medical_specialty,1.206285146571477,1.04686841508431,1.3899777984244381,0.009505545845262064,versus Cardiology
medical_specialty_Nephrology,medical_specialty,1.4553479079855762,1.1826564913418478,1.7909152393649463,0.0003930179589693301,versus Cardiology
medical_specialty_Orthopedics,medical_specialty,1.3005679534678622,1.0015283321467083,1.6888958078320329,0.04867584148356006,versus Cardiology
medical_specialty_Orthopedics-Reconstructive,medical_specialty,0.8094802467350444,0.591690482870005,1.1074341886925179,0.1862346946792134,versus Cardiology
medical_specialty_Other,medical_specialty,1.2441123150514681,1.0628784015037103,1.4562488524302941,0.006545930176574669,versus Cardiology
medical_specialty_Pulmonology,medical_specialty,1.4794668919306162,1.1255913176071475,1.9445976972992052,0.004982191051498362,versus Cardiology
medical_specialty_Radiologist,medical_specialty,1.227893184085989,0.9398916456477923,1.604144135663294,0.13222017012410858,versus Cardiology
medical_specialty_Surgery-General,medical_specialty,1.1765273196060797,0.9729353923717875,1.4227219449845199,0.09355504427893864,versus Cardiology
medical_specialty_Unknown,medical_specialty,1.2425853925118167,1.0893731454995488,1.4173458048442271,0.0012166395185291374,versus Cardiology
payer_code_Medicaid,payer_code,1.021946661227229,0.8786818549875098,1.1885700978863687,0.778168463406782,versus Commercial/Other
payer_code_Medicare,payer_code,1.0481112284361056,0.9672826008607689,1.1356941044905309,0.2511423857007571,versus Commercial/Other
payer_code_Self-pay,payer_code,1.0838849889789985,0.9501894778151859,1.2363920005042472,0.23042318156424313,versus Commercial/Other
payer_code_Unknown,payer_code,1.234291542401948,1.1395713504699387,1.336884795337059,2.3775586195869603e-07,versus Commercial/Other
