feature,mean_abs_shap,rank
number_inpatient,0.04755911275304702,1
discharge_group,0.039421987167476205,2
prior_visits_total,0.03316847422575302,3
number_diagnoses,0.014885381126462458,4
diag_1_category,0.014711818817175959,5
num_medications,0.014518686821761304,6
time_in_hospital,0.013545720063989549,7
num_lab_procedures,0.012695539232350759,8
payer_code,0.011181454683996221,9
medical_specialty,0.007664159902235901,10
age,0.00748648932036763,11
n_meds_active,0.006821289943526068,12
number_emergency,0.006770029283714078,13
diag_2_category,0.0066635862360622565,14
diabetesMed,0.006616810539383343,15
insulin,0.006414454996182838,16
age_mid,0.006198942985990355,17
num_procedures,0.0060922429852955625,18
diag_3_category,0.005824539952698125,19
admission_type,0.003638709212612236,20
gender,0.00319722372267114,21
admission_source,0.002847709189091599,22
A1Cresult,0.0028330360009452635,23
change,0.0024768292262460885,24
race,0.0021760102135326732,25
number_outpatient,0.0021329136373742525,26
n_meds_changed,0.0003756568508501346,27
max_glu_serum,0.000269093766440625,28
